question_id,language,question,provider,model_name,model_id,status,overall_score,lexical_grounding,numeric_grounding,question_relevance,citation_score,language_score,conciseness,latency,word_count,answer,error
CORE_01,en,What role does hydropower play in Switzerland?,Qwen,Qwen3 235B A22B 2507,qwen.qwen3-235b-a22b-2507-v1:0,SUCCESS,0.8529166666666667,0.7916666666666666,1.0,0.5,1.0,1.0,1.0,2.4615005999949062,136,"Hydropower plays a central role in Switzerland's electricity supply, serving as the most important domestic energy source. In 2020, hydropower covered 58% of the country's electricity demand and contributed approximately 90% to Switzerland's renewable electricity production [2]. It consists mainly of run-of-river and storage power plants, which are nearly equally important in terms of generation [5]. 

Hydropower generation varies seasonally, with higher output during spring and summer due to increased water availability from snowmelt and precipitation, reducing the need for imports during these periods [3][4]. In contrast, lower hydropower generation in winter increases reliance on net electricity imports to meet demand [3][4].

Additionally, pump storage facilities, though smaller in total output, support energy management and grid stability [5]. Overall, hydropower is a key component of both domestic energy security and the broader European energy system [3][4].",
CORE_01,en,What role does hydropower play in Switzerland?,Z.AI,GLM 4.7 Flash,zai.glm-4.7-flash,SUCCESS,0.8750000000000001,0.8,1.0,0.5,1.0,1.0,1.0,0.9585618999990402,125,"Hydropower is the most important domestic energy source in Switzerland, accounting for approximately 58% of electricity demand in 2020 [2]. It plays a central role in the energy supply system through the following functions:

*   **Seasonal Management:** Hydropower generation varies significantly by season. It is dominant in summer due to high precipitation and snowmelt, while generation decreases in winter, leading to increased reliance on net imports during the colder months [1][3][4].
*   **Grid Stability and Flexibility:** Storage and run-of-river plants are the primary sources of hydroelectric capacity, with each providing roughly half of the total capacity. Pump storage facilities, though smaller, are crucial for energy management and grid stability [5].
*   **Renewable Energy Contribution:** Hydropower contributes approximately 90% to the country's renewable electricity production [2].",
CORE_01,en,What role does hydropower play in Switzerland?,Mistral AI,Devstral 2 123B,mistral.devstral-2-123b,SUCCESS,0.8595454545454545,0.8181818181818182,1.0,0.5,1.0,1.0,1.0,2.476341900000989,98,"Hydropower plays a central role in Switzerland's energy supply:

- It is the most important domestic energy source, accounting for 58% of electricity demand in 2020 [2].
- It contributes approximately 90% of Switzerland's renewable electricity production [2].
- Hydropower generation varies seasonally, with higher output in spring and summer due to increased water availability, and lower output in winter, leading to greater reliance on imports during colder months [1][3][4].
- Storage and run-of-river plants are nearly equally important, each providing about half of Switzerland's hydroelectric capacity, while pump storage facilities support energy management and grid stability [5].",
CORE_01,en,What role does hydropower play in Switzerland?,Qwen,Qwen3-Coder-30B-A3B-Instruct,qwen.qwen3-coder-30b-a3b-v1:0,SUCCESS,0.8722972972972972,0.6891891891891891,1.0,0.6666666666666666,1.0,1.0,1.0,0.9059491000007256,138,"Hydropower plays a central role in Switzerland's energy supply. It is the most important domestic energy source, accounting for around 58% of electricity demand in 2020 [2]. Together, run-of-river and storage hydropower plants contribute nearly equally to the country’s hydroelectric capacity, each providing approximately half [5]. 

In terms of generation, hydropower dominates, especially during summer months when water availability is high [4]. During these periods, hydropower contributes significantly to meeting domestic demand and reduces the need for net imports [3]. Conversely, in winter months, when hydropower generation decreases, Switzerland relies more on net imports to meet its energy needs [4].

Moreover, pump storage facilities play a crucial role in managing energy and maintaining grid stability [5]. Hydropower also supports the broader European energy system through its export capabilities and contributes around 90% to Switzerland's renewable electricity production [2].",
CORE_01,en,What role does hydropower play in Switzerland?,NVIDIA,NVIDIA Nemotron 3 Super 120B A12B,nvidia.nemotron-super-3-120b,SUCCESS,0.8705555555555556,0.8222222222222222,1.0,0.5,1.0,1.0,1.0,1.1396584999965853,80,"Hydropower is the dominant domestic energy source in Switzerland, providing 30-50% of electricity production depending on the season, and covering 58% of the country's electricity demand in 2020. It accounts for approximately 90% of renewable electricity production and plays a crucial role in managing seasonal demand variations, with storage and run-of-river plants each contributing nearly half of hydroelectric generation. Hydropower also supports grid stability through pump storage facilities and contributes to the broader European energy system via export capabilities. [1][2][3][4][5]",
CORE_01,en,What role does hydropower play in Switzerland?,Qwen,Qwen3 32B,qwen.qwen3-32b-v1:0,SUCCESS,0.866388888888889,0.8055555555555556,1.0,0.5,1.0,1.0,1.0,1.0518152000004193,142,"Hydropower plays a central role in Switzerland's energy system. It is the most important domestic energy source, with run-of-river and storage hydropower collectively accounting for 30-50% of electricity production depending on the season [1]. In 2020, hydropower covered 58% of Switzerland’s electricity demand [2]. It also contributes approximately 90% of the country’s renewable electricity production, making it a key pillar of the energy supply [2].

Seasonal patterns show that hydropower generation is highest during spring and summer months due to increased water availability, reducing reliance on imports during these periods [3]. In contrast, during winter months, when hydropower generation decreases, Switzerland relies more heavily on net electricity imports [4].

Storage and run-of-river plants are nearly equally important, each providing about half of Switzerland’s hydroelectric capacity [5]. Pump storage facilities, though smaller in output, are vital for energy management and grid stability [5].",
CORE_02,en,What are Switzerland's renewable electricity targets?,Qwen,Qwen3 235B A22B 2507,qwen.qwen3-235b-a22b-2507-v1:0,SUCCESS,0.8975000000000001,0.75,1.0,0.8,1.0,1.0,1.0,1.447557700004836,75,"Switzerland's renewable electricity targets include:

- Generating 14.5 terawatt-hours (TWh) of electricity from new renewable energy sources by 2035 [1][4][5].
- Increasing the share of renewable energy in total energy supply to 50% by 2030, 75% by 2040, and reaching 100% by 2050 [3].

Note: The 14.5 TWh target specifically refers to electricity from *new* renewable energy sources, while the percentage targets refer to renewable energy's share in total energy supply, not just electricity [1][3].",
CORE_02,en,What are Switzerland's renewable electricity targets?,Z.AI,GLM 4.7 Flash,zai.glm-4.7-flash,SUCCESS,0.9018181818181817,0.7272727272727273,1.0,0.8,1.0,1.0,1.0,0.5781134999997448,67,"Based on the retrieved evidence, Switzerland's renewable electricity targets are as follows:

*   **2035 Target:** Electricity from new renewable energies is targeted to reach **14.5 TWh** [1][4][5].
*   **2035 Target:** Renewable electricity production is projected to reach **11,400 GWh** (which is nearly triple the 2019 actual production of 4,186 GWh) [2].
*   **2050 Target:** Renewable energy is targeted to reach **100%** of the total energy supply [3].",
CORE_02,en,What are Switzerland's renewable electricity targets?,Mistral AI,Devstral 2 123B,mistral.devstral-2-123b,SUCCESS,0.9236842105263158,0.8947368421052632,1.0,0.8,1.0,1.0,1.0,2.1010877000007895,65,"Switzerland's renewable electricity targets are as follows:

- By 2035, electricity from new renewable energies is targeted to reach 14.5 TWh [1][4][5].
- By 2035, Switzerland aims to nearly triple renewable electricity production to 11,400 GWh [2].
- By 2050, Switzerland aims to have 100% of its total energy supply from renewable sources, with intermediate targets of 50% by 2030 and 75% by 2040 [3].",
CORE_02,en,What are Switzerland's renewable electricity targets?,Qwen,Qwen3-Coder-30B-A3B-Instruct,qwen.qwen3-coder-30b-a3b-v1:0,SUCCESS,0.9,0.72,1.0,0.8,1.0,1.0,1.0,0.6495839999988675,101,"Switzerland's renewable electricity targets include:

- **Electricity from new renewable energies** is targeted to reach **14.5 TWh** by 2035 [1][4].
- By **2030**, the share of renewable energy in total energy supply should reach **50%** [3].
- By **2040**, this share is targeted to increase to **75%** [3].
- The ultimate goal is to achieve **100% renewable energy** in the total energy supply by **2050** [3].

Additionally, the strategy includes targets for reducing energy consumption:
- **Energy consumption** is targeted to decrease by **43%** by 2035 [1][4].
- **Electricity consumption per capita** is targeted to decrease by **13%** by 2035 [1][4].",
CORE_02,en,What are Switzerland's renewable electricity targets?,NVIDIA,NVIDIA Nemotron 3 Super 120B A12B,nvidia.nemotron-super-3-120b,SUCCESS,0.9421428571428571,0.9285714285714286,1.0,0.8,1.0,1.0,1.0,1.2332733000002918,58,"Switzerland's renewable electricity targets include:

- Electricity from new renewable energies is targeted to reach 14.5 TWh by 2035. [1][4][5]
- Renewable electricity production is targeted to reach 11,400 GWh by 2035. [2]
- Renewable energy as a percentage of total energy supply is targeted to reach 50% by 2030, 75% by 2040, and 100% by 2050. [3]",
CORE_02,en,What are Switzerland's renewable electricity targets?,Qwen,Qwen3 32B,qwen.qwen3-32b-v1:0,SUCCESS,0.9075000000000001,0.75,1.0,0.8,1.0,1.0,1.0,0.45273270000325283,48,"Switzerland's renewable electricity targets include reaching 14.5 TWh of electricity from new renewable energies by 2035 [1][4][5]. Additionally, the country aims to increase the share of renewable energy in the total energy supply to 25% by 2020, 50% by 2030, 75% by 2040, and 100% by 2050 [3].",
CORE_03,en,How has photovoltaic production developed in Switzerland?,Qwen,Qwen3 235B A22B 2507,qwen.qwen3-235b-a22b-2507-v1:0,SUCCESS,0.925472972972973,0.8918918918918919,1.0,0.75,1.0,1.0,1.0,1.580028599993966,75,"Photovoltaic production in Switzerland has shown a clear and continuous growth trajectory since 2010. Starting from 94 GWh in 2010, production reached 5,961 GWh in 2024, representing a roughly 63-fold increase over the 14-year period [1][2][5]. The growth has accelerated significantly in recent years, with particularly steep increases observed between 2022 and 2024 [1][2][5]. Data from earlier years also show modest growth from 2002 to 2009, followed by a marked acceleration from 2010 onwards [4].",
CORE_03,en,How has photovoltaic production developed in Switzerland?,Z.AI,GLM 4.7 Flash,zai.glm-4.7-flash,SUCCESS,0.9473170731707318,0.8292682926829268,1.0,1.0,1.0,1.0,1.0,1.118895400002657,127,"Based on the retrieved evidence, photovoltaic production in Switzerland has developed as follows:

*   **Growth Trajectory:** The sector has experienced a clear and continuous growth trajectory, with the rate of growth accelerating significantly in recent years, particularly between 2021 and 2024 [1][2][5].
*   **Historical Data:** Production was relatively modest in the early 2010s. In 2010, production was 94 GWh [1][2][5]. Between 2002 and 2009, production ranged from 15 GWh to 94 GWh [4].
*   **Recent Expansion:** Following a period of accelerated growth from 2010 onwards, production increased from 2,964 GWh in 2021 to 5,961 GWh in 2024 [2][4].
*   **Scale of Increase:** Over the 20-year period from 2002 to 2021, production increased approximately 190-fold. Over the 14-year period from 2010 to 2024, production increased roughly 63-fold [1][4].",
CORE_03,en,How has photovoltaic production developed in Switzerland?,Mistral AI,Devstral 2 123B,mistral.devstral-2-123b,SUCCESS,0.846923076923077,0.75,0.8461538461538461,0.75,1.0,1.0,1.0,4.440550200000871,120,"Photovoltaic (PV) production in Switzerland has shown significant growth over the past two decades:

- **2002–2009**: Production was modest, starting at 15 GWh in 2002 and reaching 94 GWh by 2010 [4].
- **2010–2021**: Growth accelerated, with production increasing from 94 GWh in 2010 to 2,842 GWh in 2021—a roughly 30-fold increase [4].
- **2021–2024**: The most rapid expansion occurred, with production rising from 2,964 GWh in 2021 to 5,961 GWh in 2024, marking a near doubling in just three years [1][2][5].
- **Overall (2010–2024)**: PV production grew approximately 63-fold, from 94 GWh to 5,961 GWh [1][5].

The data indicates a clear acceleration in recent years, particularly between 2022 and 2024, reflecting robust expansion in Switzerland’s solar energy sector [1][2][5].",
CORE_03,en,How has photovoltaic production developed in Switzerland?,Qwen,Qwen3-Coder-30B-A3B-Instruct,qwen.qwen3-coder-30b-a3b-v1:0,SUCCESS,0.9594594594594595,0.8378378378378378,1.0,1.0,1.0,1.0,1.0,0.6770566999985022,97,"Photovoltaic production in Switzerland has developed significantly over the past years, with a clear and continuous growth trajectory.

- In 2010, photovoltaic production was 94 GWh [1].
- By 2024, production had increased to 5,961 GWh, marking a roughly 63-fold rise over the 14-year period [1].
- The growth rate accelerated notably in recent years, especially between 2022 and 2024 [1].
- From 2002 to 2021, production increased approximately 190-fold, starting from 15 GWh in 2002 [4].

Overall, the data shows robust expansion of photovoltaic energy production in Switzerland, with particularly steep increases in recent years [1].",
CORE_03,en,How has photovoltaic production developed in Switzerland?,NVIDIA,NVIDIA Nemotron 3 Super 120B A12B,nvidia.nemotron-super-3-120b,SUCCESS,0.9060714285714285,0.9642857142857143,1.0,0.5,1.0,1.0,1.0,1.2837456999986898,57,"Swiss photovoltaic production has shown robust and continuous growth from 2010 to 2024. Starting at 94 GWh in 2010, production increased to 5,961 GWh in 2024, representing a roughly 63-fold increase over the 14-year period. The growth rate has accelerated significantly in recent years, particularly between 2022 and 2024, with steep increases observed during this period. [1][2][5]",
CORE_03,en,How has photovoltaic production developed in Switzerland?,Qwen,Qwen3 32B,qwen.qwen3-32b-v1:0,SUCCESS,0.895405982905983,0.7777777777777778,0.9230769230769231,0.75,1.0,1.0,1.0,0.7168205999987549,96,"Photovoltaic (PV) production in Switzerland has shown significant growth over the past two decades. From 2010 to 2024, production increased from 94 GWh to 5,961 GWh, representing a roughly 63-fold increase over 14 years [1][5]. This growth has accelerated in recent years, with particularly steep increases observed between 2022 and 2024 [2]. Earlier data also show a 190-fold increase in production from 15 GWh in 2002 to 2,842 GWh in 2021 [4]. The growth pattern has been characterized by a relatively modest increase from 2002 to 2009, followed by a marked acceleration from 2010 onwards [4].",
CORE_04,de,Welche Rolle spielt Wasserstoff in der Schweizer Energiepolitik?,Qwen,Qwen3 235B A22B 2507,qwen.qwen3-235b-a22b-2507-v1:0,SUCCESS,0.84,0.7,1.0,0.8333333333333334,1.0,1.0,0.7,4.167973399999028,181,"Wasserstoff spielt eine zunehmend wichtigere Rolle in der Schweizer Energie- und Klimapolitik, insbesondere als Beitrag zur Erreichung der Klimaneutralität bis 2050 [2]. Bisher hatte Wasserstoff in der Schweiz nur eine untergeordnete Rolle gespielt, soll aber künftig als wichtiger Baustein zur Dekarbonisierung beitragen [2][3].

Der Schwerpunkt liegt auf dem Einsatz von «grünem» Wasserstoff aus erneuerbaren Energien, der als flexibler Energieträger die Sektorkopplung ermöglichen und erneuerbare Energien in allen Sektoren nutzbar machen kann [2][4]. Insbesondere in schwer zu dekarbonisierenden Sektoren wie Langstrecken-, Schwer-, Flug- und Schiffsverkehr sowie in der Industrie und Chemie soll Wasserstoff fossile Energien ersetzen und zur Reduktion von Treibhausgasen beitragen [2][3][5].

Zudem kann Wasserstoff zur Speicherung erneuerbarer Energien genutzt werden, um die fluktuierende Einspeisung in das Energiesystem auszugleichen [3][4]. Aktuell stammt der in der Schweiz verwendete Wasserstoff hauptsächlich aus Erdgas und wird vorwiegend in der Erdölraffinerie und in der Industrie als Rohstoff genutzt [3].

Der Bund hat im Rahmen der Wasserstoffstrategie aufgezeigt, welche Massnahmen den Aufbau eines Wasserstoffmarktes und die Anbindung an die europäische Wasserstofftransportinfrastruktur unterstützen sollen [1]. Die gesamte Wertschöpfungskette von Wasserstoff und Power-to-X-Derivaten (PtX) wird dabei berücksichtigt [1][4].",
CORE_04,de,Welche Rolle spielt Wasserstoff in der Schweizer Energiepolitik?,Z.AI,GLM 4.7 Flash,zai.glm-4.7-flash,SUCCESS,0.8450000000000001,0.64,1.0,0.8333333333333334,1.0,1.0,0.7,1.8740065000019968,208,"Basierend auf den vorliegenden SFOE-Quellen spielt Wasserstoff in der Schweizer Energiepolitik eine wachsende Rolle, insbesondere im Hinblick auf das Klimaziel von Netto-Null-Emissionen bis 2050 [2][5].

**Ziele und Strategie**
Der Bundesrat hat die «Wasserstoffstrategie für die Schweiz» erarbeitet, um Wasserstoff als Energieträger bis 2035 und 2050 in der Energie- und Klimapolitik zu etablieren [1]. Ziel ist es, einen Wasserstoffmarkt aufzubauen und die Anbindung an die europäische Infrastruktur zu unterstützen [1].

**Funktion und Einsatz**
Wasserstoff soll als flexibler Energieträger die Sektorenkopplung ermöglichen und erneuerbare Energien in allen Sektoren nutzbar machen [2][4]. Er wird primär in schwer zu dekarbonisierenden Bereichen eingesetzt, wie in der Schwerindustrie, der Chemie sowie im Langstrecken-, Schwer-, Flug- und Schiffsverkehr [2][3].

**Speicherung und Dekarbonisierung**
Ein weiterer wichtiger Aspekt ist die Nutzung von Wasserstoff als Energiespeicher zur Integration fluktuierender erneuerbarer Energien in das Energiesystem [3][4]. Zudem kann er fossile Energien in besonders schwer zu dekarbonisierenden Sektoren ersetzen und so zur Reduktion der Treibhausgase beitragen [3].

**Aktueller Stand**
Heute macht Wasserstoff in der Schweiz noch einen sehr kleinen Anteil der Energieversorgung aus und wird hauptsächlich als Rohstoff in der Erdölraffinerie und im Industrie- und Chemiesektor verwendet [3]. Der Fokus liegt dabei auf der Priorisierung von «grünem» Wasserstoff aus erneuerbaren Energien, um den Einsatz von «grauem» Wasserstoff zu vermeiden [3].",
CORE_04,de,Welche Rolle spielt Wasserstoff in der Schweizer Energiepolitik?,Mistral AI,Devstral 2 123B,mistral.devstral-2-123b,SUCCESS,0.8946551724137931,0.7586206896551724,1.0,0.8333333333333334,1.0,1.0,1.0,3.57629789999919,111,"Wasserstoff spielt in der Schweizer Energiepolitik eine zunehmend wichtige Rolle, insbesondere als flexibler Energieträger zur Dekarbonisierung schwer zu elektrifizierender Sektoren. Gemäß der Wasserstoffstrategie des Bundesrats soll Wasserstoff bis 2035 und 2050 einen Beitrag zur klimaneutralen Energieversorgung leisten [1]. Er wird vor allem in Bereichen wie Langstrecken-, Schwer-, Flug- und Schiffsverkehr sowie in der Industrie eingesetzt, wo erneuerbare Energien direkt schwer nutzbar sind [2][3]. Zudem kann Wasserstoff zur Speicherung erneuerbarer Energien und zur Sektorkopplung beitragen, um die Integration fluktuierender erneuerbarer Energien zu unterstützen [4]. Bisher spielte Wasserstoff in der Schweizer Energiepolitik eine untergeordnete Rolle, doch die Energieperspektiven 2050+ zeigen, dass er künftig einen wichtigen Beitrag zur Erreichung des Netto-Null-Ziels leisten kann [2].",
CORE_04,de,Welche Rolle spielt Wasserstoff in der Schweizer Energiepolitik?,Qwen,Qwen3-Coder-30B-A3B-Instruct,qwen.qwen3-coder-30b-a3b-v1:0,SUCCESS,0.8893749999999999,0.6375,1.0,1.0,1.0,1.0,1.0,2.041730100005225,158,"Wasserstoff spielt in der Schweizer Energiepolitik eine wachsende Rolle als Energieträger, insbesondere zur Erreichung des Ziels der Klimaneutralität bis 2050. Er soll helfen, die Sektorenkopplung zu unterstützen und die Dekarbonisierung in schwer zu entschwefelnden Sektoren wie Langstreckenverkehr, Schwerindustrie, Chemie, Flug- und Schiffsverkehr zu fördern [2]. 

Zudem kann grüner Wasserstoff zur Speicherung erneuerbarer Energien eingesetzt werden und trägt damit zur Integration dieser Energien ins Energiesystem bei [4]. In der Schweiz wird Wasserstoff bisher noch nur in geringem Maße in der Energieversorgung verwendet; hauptsächlich dient er als Rohstoff in der Industrie und wird aus Erdgas hergestellt [3].

Die Schweizer Wasserstoffstrategie legt fest, welche Rolle Wasserstoff bis 2035 und 2050 in der Energie- und Klimapolitik einnehmen kann und welche Massnahmen zur Förderung des Wasserstoffmarkts erforderlich sind [1]. Der Bund, die Kantone, Städte sowie die Energiebranche und die Wirtschaft haben dabei jeweils spezifische Aufgaben [1]. 

Insgesamt wird Wasserstoff als flexibler Energieträger eine entscheidende Rolle bei der Transformation des Schweizer Energiesystems spielen [2][4].",
CORE_04,de,Welche Rolle spielt Wasserstoff in der Schweizer Energiepolitik?,NVIDIA,NVIDIA Nemotron 3 Super 120B A12B,nvidia.nemotron-super-3-120b,SUCCESS,0.8980357142857144,0.7321428571428571,1.0,0.8333333333333334,1.0,1.0,1.0,1.3110254999992321,89,"Wasserstoff spielt in der Schweizer Energiepolitik eine wichtige Rolle als flexibler Energieträger zur Erreichung des Netto-Null-Ziels bis 2050. Er soll insbesondere in schwer zu dekarbonisierenden Sektoren wie Industrie, Schwerverkehr, Luft- und Schiffsverkehr eingesetzt werden, wo erneuerbarer Strom nicht direkt genutzt werden kann. Dabei wird vor allem „grüner“ Wasserstoff aus erneuerbaren Energien priorisiert. Wasserstoff unterstützt die Sektorenkopplung, dient als Speicher für fluktuierende erneuerbare Energien und ermöglicht die Dekarbonisierung durch Power-to-X-Derivate. Der Bund hat eine Wasserstoffstrategie entwickelt, die den Aufbau eines Wasserstoffmarktes und die Anbindung an die europäische Infrastruktur unterstützt. [1][2][3][4][5]",
CORE_04,de,Welche Rolle spielt Wasserstoff in der Schweizer Energiepolitik?,Qwen,Qwen3 32B,qwen.qwen3-32b-v1:0,SUCCESS,0.9406578947368421,0.8026315789473685,1.0,1.0,1.0,1.0,1.0,1.8207875000007334,149,"Wasserstoff spielt in der Schweizer Energiepolitik eine zunehmend wichtige Rolle, insbesondere im Rahmen der Dekarbonisierung. Er kann als flexibler Energieträger erneuerbare Energien in allen Sektoren nutzbar machen und so die Sektorkopplung als zentrales Element einer dekarbonisierten Energiewirtschaft ermöglichen [2]. 

Zukünftig ist Wasserstoff hauptsächlich in schwer zu dekarbonisierenden Sektoren wie Langstrecken-, Schwer-, Flug- und Schiffsverkehr sowie in der Industrie von Bedeutung [2]. Er kann fossile Energien ersetzen, indem er zur Reduktion der Treibhausgase in der Schwerindustrie, in der Chemie sowie als Treibstoff eingesetzt wird [3]. 

Zudem kann Wasserstoff zur Speicherung von erneuerbaren Energien genutzt werden und so zur Integration fluktuierender erneuerbarer Energien in das Energiesystem beitragen [4]. 

Die Schweizer Wasserstoffstrategie legt dar, welche Massnahmen den Aufbau eines Wasserstoffmarktes und die Anbindung an die europäische Wasserstofftransportinfrastruktur unterstützen [1]. Ziel ist es, Wasserstoff sowie weitere auf erneuerbarem Strom basierte Treib- und Brennstoffe als wichtige Bausteine auf dem Weg zur Klimaneutralität einzusetzen [2].",
CORE_05,fr,Quels sont les objectifs suisses en matière d'énergie renouvelable?,Qwen,Qwen3 235B A22B 2507,qwen.qwen3-235b-a22b-2507-v1:0,SUCCESS,0.6883333333333334,0.2,0.5555555555555556,0.8333333333333334,1.0,1.0,1.0,3.416483799999696,135,"Les objectifs suisses en matière d'énergie renouvelable incluent la production de 14,5 térawattheures (TWh) d'électricité provenant de nouvelles énergies renouvelables d'ici 2035 [1][2][3]. Ce chiffre représente un objectif quantifié dans le cadre de la Stratégie énergétique 2050, dont les cibles sont fixées pour l'année 2035 [1][2][3].  

Une source indique également un objectif de production de 11 400 gigawattheures (GWh), soit 11,4 TWh, d'électricité renouvelable d'ici 2035, en comparaison avec 4 186 GWh produits en 2019 [4]. Cet objectif est proche de celui de 14,5 TWh, bien que les différences pourraient s'expliquer par des périmètres ou des définitions distincts (par exemple, « nouvelles énergies renouvelables » vs. production totale renouvelable) [1][4].  

Les documents ne précisent pas d'objectifs spécifiques au-delà de 2035 en matière d'énergie renouvelable, ni de cibles nationales pour d'autres formes d'énergie renouvelable non électriques.",
CORE_05,fr,Quels sont les objectifs suisses en matière d'énergie renouvelable?,Z.AI,GLM 4.7 Flash,zai.glm-4.7-flash,SUCCESS,0.7159090909090909,0.36363636363636365,0.3333333333333333,0.8333333333333334,1.0,1.0,1.0,0.8781594000029145,61,"Selon les sources SFOE, les objectifs suisses en matière d'énergie renouvelable pour l'horizon 2035 sont les suivants :

*   **Production d'électricité :** L'objectif est d'atteindre une production de **11 400 GWh** d'électricité renouvelable d'ici 2035 [4].
*   **Nouvelles énergies renouvelables :** Une cible spécifique de **14,5 TWh** (soit 14 500 GWh) est fixée pour l'électricité issue de nouvelles énergies renouvelables [1][2][3].",
CORE_05,fr,Quels sont les objectifs suisses en matière d'énergie renouvelable?,Mistral AI,Devstral 2 123B,mistral.devstral-2-123b,SUCCESS,0.783125,0.3125,1.0,0.8333333333333334,1.0,1.0,1.0,2.4916425999981584,79,"Les objectifs suisses en matière d'énergie renouvelable sont les suivants :

- **Production d'électricité à partir de nouvelles énergies renouvelables** : La Suisse vise à atteindre **14,5 TWh** d'électricité produite à partir de nouvelles énergies renouvelables d'ici **2035** [1][2][3].

Ces objectifs s'inscrivent dans le cadre de la **Stratégie énergétique 2050**, qui comprend également des réductions de la consommation énergétique et électrique par habitant [1][2][3].

*(Les sources ne fournissent pas d'informations supplémentaires sur d'autres objectifs spécifiques en matière d'énergies renouvelables.)*",
CORE_05,fr,Quels sont les objectifs suisses en matière d'énergie renouvelable?,Qwen,Qwen3-Coder-30B-A3B-Instruct,qwen.qwen3-coder-30b-a3b-v1:0,SUCCESS,0.8291666666666667,0.4166666666666667,1.0,0.8333333333333334,1.0,1.0,1.0,0.7995420000006561,65,"Les objectifs suisses en matière d’énergie renouvelable jusqu’en 2035 comprennent :

- Une augmentation de la production d’électricité issue de nouvelles énergies renouvelables à hauteur de 14,5 TWh [1].
- Une réduction de la consommation d’énergie de 43 % [1].
- Une réduction de la consommation d’électricité par habitant de 13 % [1].

Ces cibles font partie de la stratégie énergétique suisse jusqu’en 2035 [1].",
CORE_05,fr,Quels sont les objectifs suisses en matière d'énergie renouvelable?,NVIDIA,NVIDIA Nemotron 3 Super 120B A12B,nvidia.nemotron-super-3-120b,SUCCESS,0.8171052631578947,0.3684210526315789,1.0,0.8333333333333334,1.0,1.0,1.0,0.8160927999997512,49,"Les objectifs suisses en matière d'énergie renouvelable, selon la stratégie énergétique 2050, sont de réduire la consommation d'énergie de 43 % et la consommation d'électricité par habitant de 13 % d'ici 2035, tout en augmentant la production d'électricité provenant des nouvelles énergies renouvelables à 14,5 TWh d'ici 2035. [1][2][3]",
CORE_05,fr,Quels sont les objectifs suisses en matière d'énergie renouvelable?,Qwen,Qwen3 32B,qwen.qwen3-32b-v1:0,SUCCESS,0.7661538461538461,0.38461538461538464,0.7,0.8333333333333334,1.0,1.0,1.0,1.217922499999986,97,"Les objectifs suisses en matière d’énergie renouvelable, conformément à l’Energiestrategie 2050, prévoient d’atteindre une production d’électricité de 14,5 TWh provenant de nouvelles énergies renouvelables d’ici 2035 [1][2][3]. Cet objectif s’inscrit dans une stratégie globale visant à réduire la consommation d’énergie de 43 % et la consommation d’électricité par habitant de 13 % sur la même période [1][3]. 

En outre, d’autres sources mentionnent que la production d’électricité renouvelable devrait passer de 4 186 GWh en 2019 à 11 400 GWh en 2035, soit une multiplication par trois [4]. Cela montre l’ambition de l’expansion des énergies renouvelables en Suisse.",
EXT_DE_01,de,Welche Rolle spielt Wasserkraft in der Schweizer Stromversorgung?,Qwen,Qwen3 235B A22B 2507,qwen.qwen3-235b-a22b-2507-v1:0,SUCCESS,0.8167924528301888,0.5471698113207547,1.0,0.6666666666666666,1.0,1.0,1.0,2.2242089999999735,98,"Die Wasserkraft ist die mit Abstand wichtigste einheimische Energiequelle in der Schweiz und spielt eine zentrale Rolle in der Stromversorgung [2]. Im Jahr 2020 deckte sie gemäss Schweizerischer Elektrizitätsstatistik 58 Prozent des Strombedarfs [2][4]. Sie trägt zudem rund 90 Prozent zur erneuerbaren Stromproduktion des Landes bei [2].

Neben der Stromlieferung leistet die Wasserkraft einen wichtigen Beitrag zur Bewältigung kritischer Versorgungssituationen im europäischen Stromsystem, indem sie in solchen Stunden Strom exportiert und so die Versorgungssicherheit unterstützt [5]. 

Zukünftig wird die Wasserkraft neben der Stromerzeugung zusätzlich die Funktion übernehmen, die Integration grosser Mengen an Solar- und Windstrom zu ermöglichen [1].",
EXT_DE_01,de,Welche Rolle spielt Wasserkraft in der Schweizer Stromversorgung?,Z.AI,GLM 4.7 Flash,zai.glm-4.7-flash,SUCCESS,0.8857142857142858,0.6428571428571429,1.0,0.8333333333333334,1.0,1.0,1.0,0.9619607999993605,108,"Die Wasserkraft ist in der Schweizer Stromversorgung zentral und hat eine neue, erweiterte Funktion erhalten:

*   **Hauptlieferant:** Sie ist die mit Abstand wichtigste einheimische Energiequelle. Lauf- und Speicherkraftwerke deckten im Jahr 2020 rund 58 % des Schweizer Strombedarfs [2][4]. Zudem trägt sie aktuell rund 90 % zur erneuerbaren Stromproduktion bei [2].
*   **Systemstabilität:** Die Wasserkraft spielt eine zentrale Rolle im Schweizer Strommix und ist ein wichtiger Baustein zur Bewältigung kritischer Versorgungssituationen im europäischen Verbundsystem [3][5].
*   **Energiwende:** Ihre Rolle verändert sich: Während sie bisher primär Strom lieferte, wird sie in Zukunft zusätzlich benötigt, um die Umstellung der Energieversorgung auf grosse Mengen an Solar- und Windstrom zu ermöglichen [1].",
EXT_DE_01,de,Welche Rolle spielt Wasserkraft in der Schweizer Stromversorgung?,Mistral AI,Devstral 2 123B,mistral.devstral-2-123b,SUCCESS,0.858409090909091,0.6136363636363636,1.0,0.8333333333333334,1.0,1.0,1.0,2.706913699999859,96,"Die Wasserkraft spielt eine zentrale Rolle in der Schweizer Stromversorgung:

- Sie ist die mit Abstand wichtigste einheimische Energiequelle und deckte im Jahr 2020 58 % des Schweizer Strombedarfs [2][4].
- Sie trägt aktuell rund 90 % zur erneuerbaren Stromproduktion des Landes bei [2].
- Neben der Stromerzeugung ermöglicht sie die Integration grosser Mengen Solar- und Windstrom in das Energiesystem [1].
- Die Schweizer Wasserkraft ist auch für die Bewältigung kritischer Versorgungssituationen in Europa wichtig, da die Schweiz in solchen Stunden oft als Exporteur auftritt [5].

Die Wasserkraft bleibt damit ein zentraler Pfeiler der Schweizer Energieversorgung.",
EXT_DE_01,de,Welche Rolle spielt Wasserkraft in der Schweizer Stromversorgung?,Qwen,Qwen3-Coder-30B-A3B-Instruct,qwen.qwen3-coder-30b-a3b-v1:0,SUCCESS,0.8750000000000001,0.64,1.0,0.8333333333333334,1.0,1.0,1.0,1.1902014000006602,94,"Wasserkraft spielt eine zentrale Rolle in der Schweizer Stromversorgung. Im Jahr 2020 deckten Lauf- und Speicherkraftwerke 58 Prozent des Strombedarfs [2]. Sie trägt aktuell rund 90 Prozent zur erneuerbaren Stromproduktion des Landes bei und bleibt somit ein zentraler Pfeiler der Energieversorgung [2]. 

Darüber hinaus übernimmt Wasserkraft in Zukunft auch eine neue Rolle: Sie soll helfen, die Umstellung der Energieversorgung auf große Mengen an Solar- und Windstrom zu ermöglichen [1]. 

In kritischen Versorgungssituationen kann die Schweiz durch ihre Wasserkraft auch als Exporteur agieren und die Versorgung stabilisieren, was besonders für Europa von Bedeutung ist [5].",
EXT_DE_01,de,Welche Rolle spielt Wasserkraft in der Schweizer Stromversorgung?,NVIDIA,NVIDIA Nemotron 3 Super 120B A12B,nvidia.nemotron-super-3-120b,SUCCESS,0.8996774193548388,0.8387096774193549,1.0,0.6666666666666666,1.0,1.0,1.0,1.0956112000058056,60,Die Wasserkraft ist die mit Abstand wichtigste einheimische Energiequelle in der Schweiz und deckte im Jahr 2020 58 Prozent des Strombedarfs. Sie trägt rund 90 Prozent zur erneuerbaren Stromproduktion des Landes bei und bleibt ein zentraler Pfeiler der Energieversorgung. Zudem spielt sie eine zentrale Rolle im Schweizer Strommix und ist ein wichtiger Baustein zur Bewältigung kritischer Versorgungslagen in Europa. [2][4][3][5],
EXT_DE_01,de,Welche Rolle spielt Wasserkraft in der Schweizer Stromversorgung?,Qwen,Qwen3 32B,qwen.qwen3-32b-v1:0,SUCCESS,0.8522549019607842,0.5490196078431373,1.0,0.8333333333333334,1.0,1.0,1.0,1.1580902000059723,110,"Die Wasserkraft spielt in der Schweizer Stromversorgung eine zentrale Rolle. Sie ist die wichtigste einheimische Energiequelle und stellte 2020 rund 58 Prozent des gesamten Strombedarfs [2]. Zudem trägt sie etwa 90 Prozent zur erneuerbaren Stromproduktion des Landes bei [2]. 

Neben der Stromerzeugung ermöglicht die Wasserkraft zudem die Umstellung der Energieversorgung auf grössere Mengen an Solar- und Windstrom. Sie unterstützt die Flexibilität des Energiesystems und hilft, kritische Versorgungssituationen zu managen [1]. In Europa spielt die Schweizer Wasserkraft zudem eine wichtige Rolle, da sie in kritischen Versorgungsstunden oft als Exporteur fungiert [5]. 

Die Schweizer Wasserkraft wird daher sowohl für die nationale als auch für die regionale Energieversorgung als zentraler Pfeiler betrachtet [2][3].",
EXT_DE_02,de,Welche Bedeutung hat Photovoltaik für die Schweizer Energieversorgung?,Qwen,Qwen3 235B A22B 2507,qwen.qwen3-235b-a22b-2507-v1:0,SUCCESS,0.8989795918367346,0.7959183673469388,1.0,0.8,1.0,1.0,1.0,2.305602300002647,112,"Photovoltaik (PV) ist ein wichtiger Pfeiler für die Erreichung der Klimaziele und einer nachhaltigen Energieversorgung in der Schweiz [1]. Die Sonne kann nach der Wasserkraft zur zweitwichtigsten Stromquelle der Schweiz werden [1]. Im Jahr 2019 trug die Photovoltaik mit rund 2 TWh etwa 3 % zur gesamten Stromproduktion im Land bei [4]. In den zehn Jahren bis 2019 nahm die Bedeutung der Photovoltaik im Schweizer Energiesystem stark zu, insbesondere bei kleinen Anlagen bis 20 kW, die 2019 einen jährlichen Zubau von rund 100 MWₚ erreichten [4]. Die Technik ist ausgereift, und die Preise sind auf ein attraktives Niveau gesunken, sodass auch im Schweizer Mittelland effiziente und rentable Anlagen betrieben werden können [1].",
EXT_DE_02,de,Welche Bedeutung hat Photovoltaik für die Schweizer Energieversorgung?,Z.AI,GLM 4.7 Flash,zai.glm-4.7-flash,SUCCESS,0.9533333333333333,0.9333333333333333,1.0,0.8,1.0,1.0,1.0,0.8857291000022087,103,"Photovoltaik (PV) ist ein wichtiger Pfeiler für das Erreichen der Klimaziele und einer nachhaltigen Energieversorgung [1]. Die Technik gilt als ausgereift, und die Preise sind in den letzten Jahren auf ein attraktives Niveau gesunken [1].

Die Bedeutung der Photovoltaik für das Schweizer Energiesystem hat sich in den letzten zehn Jahren sehr stark erhöht [4]. Während bis 2010 unter 50 MWp Leistung jährlich zugebaut wurde, begann ab 2011 ein starker Zuwachs [4]. Im Jahr 2019 machte Photovoltaik mit gut 2 TWh rund 3 % der Stromproduktion in der Schweiz aus [4]. Die Sonne kann nach der Wasserkraft zur zweitwichtigsten Stromquelle der Schweiz werden [1].",
EXT_DE_02,de,Welche Bedeutung hat Photovoltaik für die Schweizer Energieversorgung?,Mistral AI,Devstral 2 123B,mistral.devstral-2-123b,SUCCESS,0.9177419354838711,0.8709677419354839,1.0,0.8,1.0,1.0,1.0,2.217070500002592,78,"Photovoltaik spielt eine wichtige Rolle für die Schweizer Energieversorgung:

- Sie ist ein zentraler Pfeiler für das Erreichen der Klimaziele und einer nachhaltigen Energieversorgung [1].
- Die Sonne kann nach der Wasserkraft zur zweitwichtigsten Stromquelle der Schweiz werden [1].
- Die Bedeutung der Photovoltaik für das Schweizer Energiesystem hat in den letzten zehn Jahren stark zugenommen [4].
- Im Jahr 2019 machte die Photovoltaik mit rund 2 TWh etwa 3 % der Stromproduktion in der Schweiz aus [4].",
EXT_DE_02,de,Welche Bedeutung hat Photovoltaik für die Schweizer Energieversorgung?,Qwen,Qwen3-Coder-30B-A3B-Instruct,qwen.qwen3-coder-30b-a3b-v1:0,SUCCESS,0.8892452830188678,0.7169811320754716,1.0,0.8,1.0,1.0,1.0,1.5371139999988372,107,"Photovoltaik spielt eine wachsende Bedeutung für die Schweizer Energieversorgung. Sie ist ein wichtiger Pfeiler zur Erreichung der Klimaziele und einer nachhaltigen Energieversorgung [1]. Im Jahr 2019 machte die Photovoltaik etwa 3% der Stromproduktion in der Schweiz aus, was einem Ertrag von rund 2 TWh entspricht [4]. Die Technik ist bereits ausgereift und die Preise sind attraktiv geworden. Auch im Schweizer Mittelland ist eine effiziente und rentable Stromerzeugung möglich [1].

Zudem trägt sie zur dezentralen Stromerzeugung bei, wobei der Anteil des selbst genutzten Stroms eine zentrale Rolle spielt. Aspekte wie Speicherung, intelligente Steuerung von Stromverbrauchern und der Einbezug von Elektromobilität erhöhen die Attraktivität dieser Form der Stromerzeugung [1].",
EXT_DE_02,de,Welche Bedeutung hat Photovoltaik für die Schweizer Energieversorgung?,NVIDIA,NVIDIA Nemotron 3 Super 120B A12B,nvidia.nemotron-super-3-120b,SUCCESS,0.9610714285714287,0.9642857142857143,1.0,0.8,1.0,1.0,1.0,0.8805802999995649,66,Photovoltaik ist ein wichtiger Pfeiler für das Erreichen der Klimaziele und einer nachhaltigen Energieversorgung in der Schweiz. Die Sonne kann nach der Wasserkraft zur zweitwichtigsten Stromquelle der Schweiz werden. In den letzten zehn Jahren hat die Bedeutung der Photovoltaik für das Schweizer Energiesystem sehr stark zugenommen. Im Jahr 2019 machte die Photovoltaik mit gut 2 TWh rund 3 % der Stromproduktion in der Schweiz aus. [1][4],
EXT_DE_02,de,Welche Bedeutung hat Photovoltaik für die Schweizer Energieversorgung?,Qwen,Qwen3 32B,qwen.qwen3-32b-v1:0,SUCCESS,0.876078431372549,0.7843137254901961,1.0,0.6,1.0,1.0,1.0,1.2059506000005058,107,"Photovoltaik (PV) spielt eine zunehmend wichtige Rolle für die Schweizer Energieversorgung. Sie ist ein entscheidender Pfeiler für das Erreichen der Klimaziele und eine nachhaltige Energieversorgung [1]. Die Erzeugung von Elektrizität aus Sonnenenergie hat in den letzten zehn Jahren stark zugenommen. Im Jahr 2019 stellte Photovoltaik bereits rund 3 % der Stromproduktion in der Schweiz [4]. 

Die Technik ist ausgereift, und die Preise sind in den letzten Jahren auf ein attraktives Niveau gesunken. Die Sonne kann nach der Wasserkraft zur zweitwichtigsten Stromquelle der Schweiz werden [1]. 

Zusätzlich steigert die Kombination von Photovoltaik mit Aspekten wie Speicherung, intelligenter Steuerung von Stromverbrauchern und Elektromobilität die Attraktivität der dezentralen Stromerzeugung [1].",
EXT_EN_01,en,What role does hydropower play in Switzerland's electricity supply?,Qwen,Qwen3 235B A22B 2507,qwen.qwen3-235b-a22b-2507-v1:0,SUCCESS,0.8180086399108139,0.6231884057971014,0.9230769230769231,0.625,1.0,1.0,1.0,2.997583600001235,165,"Hydropower plays a dominant role in Switzerland's electricity supply, consistently being the largest source of electricity production. In 2022, hydropower contributed 52.8% of total electricity production, combining 28.4% from storage hydroelectric plants and 24.4% from run-of-river plants [5]. This aligns with data showing hydropower contributed nearly 53% of national electricity production in 2022 [3]. In 2025, hydropower is reported to account for 55.5% of electricity production, with storage and run-of-river plants contributing 31.3% and 24.2% respectively [1]. Historically, hydropower has provided around 55% of domestic production, such as in 2020 when it generated 36,157 GWh [2].

Hydropower also exhibits strong seasonal variation, with higher generation during summer months due to increased precipitation and snowmelt, making it a key domestic source during that period [4]. However, reduced winter output increases Switzerland's reliance on net electricity imports to meet demand during colder months [4]. Together with nuclear power, hydropower forms the backbone of Switzerland’s low-carbon electricity supply, contributing to over 89% of total production in 2022 [3][5].",
EXT_EN_01,en,What role does hydropower play in Switzerland's electricity supply?,Z.AI,GLM 4.7 Flash,zai.glm-4.7-flash,SUCCESS,0.8478301886792453,0.8113207547169812,0.8,0.5,1.0,1.0,1.0,0.7932307000010042,104,"Hydropower is the dominant source of electricity in Switzerland, accounting for more than half of the nation's production. In 2022, it contributed nearly 53% of the total electricity mix, with run-of-river and storage plants representing 24.4% and 28.4%, respectively [3][5]. This dominance is particularly evident in summer months when precipitation and snowmelt are highest [4].

The combination of hydropower and nuclear energy makes up approximately 89% of the electricity mix, contributing to near-zero CO2 emissions in electricity production [3][5]. Hydropower also plays a critical role in managing seasonal variations, as generation decreases during winter months, necessitating reliance on net imports to meet demand [4].",
EXT_EN_01,en,What role does hydropower play in Switzerland's electricity supply?,Mistral AI,Devstral 2 123B,mistral.devstral-2-123b,SUCCESS,0.8377155172413794,0.7758620689655172,0.8,0.625,1.0,1.0,1.0,3.3572910000002594,123,"Hydropower plays a dominant role in Switzerland's electricity supply, accounting for the largest share of domestic production. In 2025, hydropower (storage and run-of-river plants combined) contributed 55.5% of total electricity production [1]. Similarly, in 2022, hydropower provided nearly 53% of the nation's electricity [3][5]. This makes it the single largest source of electricity in Switzerland, significantly exceeding nuclear power, which is the second-largest contributor [1][3][5].

Hydropower's role is particularly pronounced in summer months due to higher precipitation and snowmelt, while its contribution decreases in winter, leading to greater reliance on imports during that season [4]. The combination of hydropower and nuclear energy ensures Switzerland's electricity production is nearly CO₂-free, with these two sources together accounting for approximately 89% of the electricity mix [3][5].",
EXT_EN_01,en,What role does hydropower play in Switzerland's electricity supply?,Qwen,Qwen3-Coder-30B-A3B-Instruct,qwen.qwen3-coder-30b-a3b-v1:0,SUCCESS,0.8564484126984128,0.6507936507936508,1.0,0.625,1.0,1.0,1.0,0.9587197000000742,140,"Hydropower plays a dominant role in Switzerland's electricity supply. In 2025, hydropower accounted for 55.5% of electricity production, with storage hydroelectric plants contributing 31.3% and run-of-river plants providing 24.2% [1]. This trend was consistent in 2022, where hydropower represented nearly 53% of total electricity production [3]. 

In addition to its large share of domestic production, hydropower is crucial for managing seasonal variations in energy supply. During summer months, when precipitation and snowmelt are high, hydropower generation peaks, while in winter, Switzerland relies more significantly on net imports due to reduced hydropower output [4].

Together with nuclear power, hydropower forms the backbone of Switzerland’s low-carbon electricity mix. In 2022, the combination of hydroelectric and nuclear energy made up 89.2% of the electricity mix [3], highlighting the essential role of hydropower in ensuring energy security and supporting the country's climate goals [4].",
EXT_EN_01,en,What role does hydropower play in Switzerland's electricity supply?,NVIDIA,NVIDIA Nemotron 3 Super 120B A12B,nvidia.nemotron-super-3-120b,SUCCESS,0.8513662790697675,0.8604651162790697,1.0,0.375,1.0,1.0,1.0,2.0782607000001008,90,"Hydropower is the dominant source of electricity in Switzerland, contributing more than half of the country's domestic electricity production. In 2025, storage hydroelectric plants accounted for 31.3% and run-of-river plants for 24.2%, together representing 55.5% of total production. In 2022, hydropower contributed 52.8% of electricity production, and in 2020, run-of-river and storage hydropower combined provided approximately 55% of domestic production (36,157 GWh). Hydropower shows strong seasonal variation, with higher generation in summer months due to precipitation and snowmelt, leading to increased import dependency during winter when hydropower output decreases. [1][2][3][4][5]",
EXT_EN_01,en,What role does hydropower play in Switzerland's electricity supply?,Qwen,Qwen3 32B,qwen.qwen3-32b-v1:0,SUCCESS,0.8423214285714286,0.72,0.8571428571428571,0.625,1.0,1.0,1.0,1.2385948000010103,122,"Hydropower plays a central role in Switzerland's electricity supply. In 2025, hydropower accounted for 55.5% of electricity production, with storage hydroelectric plants contributing 31.3% and run-of-river plants contributing 24.2% [1]. Similarly, in 2022, hydropower contributed nearly 53% of the nation's electricity production [3]. These figures highlight hydropower as the dominant source of electricity in Switzerland. 

The seasonal nature of hydropower generation is also significant, with higher production in summer months due to precipitation and snowmelt, and reduced output in winter [4]. This seasonal variation influences Switzerland's reliance on net electricity imports during winter months [4].

Hydropower, together with nuclear energy, forms the backbone of Switzerland's electricity mix, with the two sources combined accounting for over 89% of electricity production in 2022 [3].",
EXT_EN_02,en,What does SFOE say about hydrogen in Switzerland's energy system?,Qwen,Qwen3 235B A22B 2507,qwen.qwen3-235b-a22b-2507-v1:0,SUCCESS,0.8001544943820226,0.5056179775280899,1.0,0.625,1.0,1.0,1.0,2.502454499997839,175,"Hydrogen is currently almost absent from Switzerland's energy mix, but it could play a role in decarbonizing certain applications, particularly those that are difficult to electrify, in view of achieving net-zero greenhouse gas emissions by 2050 [4][5]. Hydrogen could potentially replace part of Switzerland's current methane (CH₄) consumption, which is primarily based on fossil natural gas [4][5]. 

Hydrogen is considered a versatile energy storage medium with significant potential for integration into a modernized, low-carbon energy system, despite challenges related to material properties, costs, and energy efficiency [2]. The Swiss Federal Office of Energy (SFOE) has supported work analyzing the potential role of hydrogen and electricity storage in a decarbonized Swiss energy system [1]. 

The long-term importance of hydrogen in the Swiss energy mix is currently under discussion in parliamentary work and within the Federal Department of the Environment, Transport, Energy and Communications (DETEC) [4][5]. Clarifying this role will be crucial for assessing the need for hydrogen transport (and possibly distribution) infrastructure, developing appropriate regulation, and implementing it in line with national energy supply strategies [4][5].",
EXT_EN_02,en,What does SFOE say about hydrogen in Switzerland's energy system?,Z.AI,GLM 4.7 Flash,zai.glm-4.7-flash,SUCCESS,0.8050735294117647,0.4852941176470588,1.0,0.625,1.0,1.0,1.0,1.1699424999969779,135,"Based on the retrieved SFOE evidence, the following points describe the role of hydrogen in Switzerland's energy system:

*   **Current Status:** Hydrogen is currently ""quasi absent"" from the Swiss energy mix [4][5].
*   **Future Role:** It is projected to play a role in decarbonizing specific uses, particularly those that are ""difficult to electrify"" [4][5].
*   **Substitution Potential:** Hydrogen could replace a portion of Switzerland's current methane consumption, which is primarily based on fossil natural gas [4][5].
*   **Strategic Context:** The long-term importance of hydrogen in the Swiss mix is currently being clarified by parliamentary work and the DETEC (Federal Department of the Environment, Transport, Energy and Communications) [4][5].
*   **System Integration:** Hydrogen is considered a versatile energy storage medium with significant potential for integration into a modernized, low-carbon energy system, alongside electricity storage technologies [1][2].",
EXT_EN_02,en,What does SFOE say about hydrogen in Switzerland's energy system?,Mistral AI,Devstral 2 123B,mistral.devstral-2-123b,SUCCESS,0.7829360465116278,0.47674418604651164,1.0,0.625,1.0,1.0,1.0,4.293515899997146,173,"The Swiss Federal Office of Energy (SFOE) highlights the potential role of hydrogen in Switzerland's energy system, particularly for decarbonization. Key points include:

- **Decarbonization Potential**: Hydrogen could play a role in decarbonizing sectors that are difficult to electrify, contributing to Switzerland's goal of net-zero greenhouse gas emissions by 2050 [4][5].
- **Replacement of Methane**: Hydrogen may partially replace Switzerland's current methane (CH₄) consumption, which is primarily based on fossil natural gas [4][5].
- **Energy Storage**: Hydrogen is recognized as a versatile energy storage medium, with significant potential for integration into a modernized, low-carbon energy system, despite challenges related to costs, material properties, and energy efficiency [2][3].
- **Ongoing Clarification**: The long-term importance of hydrogen in Switzerland's energy mix is currently under discussion in parliamentary and DETEC (Federal Department of the Environment, Transport, Energy and Communications) processes. This will influence infrastructure needs, regulation, and implementation steps [4][5].

The SFOE has commissioned studies to analyze hydrogen's potential role, including its production, storage, transport, and conversion, as part of broader energy system modeling efforts [1][3].",
EXT_EN_02,en,What does SFOE say about hydrogen in Switzerland's energy system?,Qwen,Qwen3-Coder-30B-A3B-Instruct,qwen.qwen3-coder-30b-a3b-v1:0,SUCCESS,0.793125,0.4375,1.0,0.625,1.0,1.0,1.0,1.052099399996223,176,"According to the SFOE, hydrogen could play a role in Switzerland's energy system for the decarbonization of certain uses—particularly those that are difficult to electrify—in the context of achieving net-zero greenhouse gas emissions by 2050 [4]. Currently, hydrogen is nearly absent from Switzerland’s energy mix, but it could replace part of the country's current natural gas (CH₄) consumption, which mainly relies on fossil fuels [4].

The Swiss Federal Office of Energy has noted that the long-term importance of hydrogen in the energy mix is currently under review through parliamentary work and by the State Secretariat for Economic Affairs (DETEC) [4]. Determining this role is crucial for assessing future infrastructure needs for hydrogen transport and distribution networks, developing corresponding regulations, and guiding implementation steps [4].

Hydrogen is seen as a potential versatile energy storage medium that could integrate into a modernized, low-carbon energy system, although challenges remain regarding material properties, costs, and energy efficiency [2]. Studies also consider hydrogen production, storage, transport, and conversion with CO₂ into methane as key areas for technological development and analysis [3].",
EXT_EN_02,en,What does SFOE say about hydrogen in Switzerland's energy system?,NVIDIA,NVIDIA Nemotron 3 Super 120B A12B,nvidia.nemotron-super-3-120b,SUCCESS,0.8270833333333333,0.5733333333333334,1.0,0.625,1.0,1.0,1.0,1.494219799998973,133,"Based on the provided SFOE evidence, hydrogen in Switzerland's energy system is currently nearly absent but has potential to play a role in decarbonizing certain hard-to-electrify uses, such as replacing part of current natural gas (methane) consumption, in support of achieving net-zero greenhouse gas emissions by 2050. The long-term importance of hydrogen in the Swiss energy mix is under review by parliamentary bodies and DETEC, which will inform infrastructure needs, regulation, and implementation steps. [4][5] Hydrogen is also recognized as a versatile energy storage medium with significant potential for integration into a modernized, low-carbon energy system, despite challenges related to material properties, costs, and energy efficiency. [2] The SFOE has commissioned work on hydrogen technologies, including production, storage, transport, and conversion with CO₂ into methane, as part of its technology monitoring activities. [1][3]",
EXT_EN_02,en,What does SFOE say about hydrogen in Switzerland's energy system?,Qwen,Qwen3 32B,qwen.qwen3-32b-v1:0,SUCCESS,0.8204166666666667,0.5466666666666666,1.0,0.625,1.0,1.0,1.0,1.0427559999952791,150,"The Swiss Federal Office of Energy (SFOE) recognizes hydrogen as a versatile energy storage medium with significant potential for integration into a modernized, low-carbon energy system [2]. Hydrogen is currently almost absent from Switzerland's energy mix but could play a role in decarbonizing certain hard-to-electrify sectors as part of the goal to achieve net-zero greenhouse gas emissions by 2050 [4]. It may also replace a portion of Switzerland’s current methane consumption, which is largely based on fossil natural gas [4]. The SFOE has commissioned studies to analyze the potential role of hydrogen and electricity storage within a decarbonized Swiss energy system and economy [1]. These studies contribute to the SFOE’s technology monitoring activities and provide a basis for energy system modeling [1]. The importance of hydrogen in the long-term Swiss energy mix is currently being evaluated in parliamentary and DETEC (Federal Department of Economic Affairs, Education and Research) processes [4].",
EXT_FR_01,fr,Quel rôle joue l'hydroélectricité dans l'approvisionnement électrique suisse ?,Qwen,Qwen3 235B A22B 2507,qwen.qwen3-235b-a22b-2507-v1:0,SUCCESS,0.8296825396825397,0.4444444444444444,1.0,0.8571428571428571,1.0,1.0,1.0,1.6305386000021826,71,"L'hydroélectricité joue un rôle majeur dans l'approvisionnement électrique suisse. En 2021, elle a représenté 61,5 % de la production totale d'électricité, dont 26,4 % provenant des centrales au fil de l'eau et 35,1 % des centrales à accumulation [1][2]. En 2022, sa part s'est établie à 52,8 % de la production totale, avec 24,4 % pour les centrales au fil de l'eau et 28,4 % pour les centrales à accumulation [4][5].",
EXT_FR_01,fr,Quel rôle joue l'hydroélectricité dans l'approvisionnement électrique suisse ?,Z.AI,GLM 4.7 Flash,zai.glm-4.7-flash,SUCCESS,0.7349624060150376,0.3684210526315789,1.0,0.2857142857142857,1.0,1.0,1.0,0.7067494000002625,69,"L'hydroélectricité est la source d'électricité dominante en Suisse, assurant la majorité de la production nationale.

En 2021, elle représentait **61,5 %** de la production totale, se décomposant en **26,4 %** pour les centrales au fil de l'eau et **35,1 %** pour les centrales à accumulation [1][2].

En 2022, sa part a légèrement diminué pour atteindre **52,8 %** (24,4 % au fil de l'eau et 28,4 % à accumulation) [4][5].",
EXT_FR_01,fr,Quel rôle joue l'hydroélectricité dans l'approvisionnement électrique suisse ?,Mistral AI,Devstral 2 123B,mistral.devstral-2-123b,SUCCESS,0.8143406593406594,0.4230769230769231,1.0,0.8571428571428571,1.0,1.0,1.0,2.3665655000004335,77,"L'hydroélectricité joue un rôle central dans l'approvisionnement électrique suisse. En 2021, elle a représenté 61,5 % de la production totale d'électricité, répartie entre les centrales au fil de l'eau (26,4 %) et les centrales à accumulation (35,1 %) [1][2]. En 2022, cette part était de 52,8 % (centrales au fil de l'eau : 24,4 % ; centrales à accumulation : 28,4 %) [4][5]. Elle constitue ainsi la principale source de production d'électricité en Suisse, devant l'énergie nucléaire.",
EXT_FR_01,fr,Quel rôle joue l'hydroélectricité dans l'approvisionnement électrique suisse ?,Qwen,Qwen3-Coder-30B-A3B-Instruct,qwen.qwen3-coder-30b-a3b-v1:0,SUCCESS,0.8196352583586627,0.40425531914893614,1.0,0.8571428571428571,1.0,1.0,1.0,1.6196118000007118,141,"L’hydroélectricité joue un rôle prépondérant dans l’approvisionnement électrique suisse. En 2021, elle a assuré 61,5 % de la production totale d’électricité, avec 26,4 % provenant des centrales au fil de l’eau et 35,1 % des centrales à accumulation [1][2]. En 2022, cette part est passée à 52,8 %, toujours en combinant les centrales au fil de l’eau (24,4 %) et les centrales à accumulation (28,4 %) [4][5].

Outre l’hydroélectricité, l’énergie nucléaire est la deuxième source de production d’électricité, représentant respectivement 28,9 % en 2021 [1][2] et 36,4 % en 2022 [4][5]. Les autres sources, comme les centrales thermiques conventionnelles et les énergies renouvelables diverses, représentent environ 9,6 % en 2021 [1][2] et 10,8 % en 2022 [4][5].

Ainsi, l’hydroélectricité demeure le principal pilier du mix énergétique suisse, contribuant de manière significative à la stabilité et à la sécurité de l’approvisionnement électrique.",
EXT_FR_01,fr,Quel rôle joue l'hydroélectricité dans l'approvisionnement électrique suisse ?,NVIDIA,NVIDIA Nemotron 3 Super 120B A12B,nvidia.nemotron-super-3-120b,SUCCESS,0.8346428571428571,0.4642857142857143,1.0,0.8571428571428571,1.0,1.0,1.0,1.1368507000006502,84,"L'hydroélectricité joue un rôle central dans l'approvisionnement électrique suisse, représentant la plus grande part de la production nationale d'électricité. En 2021, elle a assuré 61,5 % de la production totale (26,4 % provenant des centrales au fil de l'eau et 35,1 % des centrales à accumulation) [1][2]. En 2022, sa part a été de 52,8 % (24,4 % au fil de l'eau et 28,4 % à accumulation) [4][5]. Ainsi, l'hydroélectricité constitue la principale source d'électricité en Suisse, devant le nucléaire et les autres énergies.",
EXT_FR_01,fr,Quel rôle joue l'hydroélectricité dans l'approvisionnement électrique suisse ?,Qwen,Qwen3 32B,qwen.qwen3-32b-v1:0,SUCCESS,0.8111640211640211,0.37037037037037035,1.0,0.8571428571428571,1.0,1.0,1.0,1.3705578000008245,85,"L'hydroélectricité joue un rôle central dans l'approvisionnement électrique suisse. En 2021, elle représentait 61,5 % de la production totale d'électricité, incluant 26,4 % provenant des centrales au fil de l'eau et 35,1 % des centrales à accumulation [1][2]. En 2022, sa part a légèrement diminué, passant à 52,8 %, avec 24,4 % pour les centrales au fil de l'eau et 28,4 % pour les centrales à accumulation [4][5]. Cela montre que l'hydroélectricité reste la source d'énergie la plus importante pour la production d'électricité en Suisse.",
EXT_FR_02,fr,Quelle importance le photovoltaïque a-t-il pour l'approvisionnement énergétique suisse ?,Qwen,Qwen3 235B A22B 2507,qwen.qwen3-235b-a22b-2507-v1:0,SUCCESS,0.8066666666666668,0.6666666666666666,1.0,0.3333333333333333,1.0,1.0,1.0,1.996736900000542,66,"Le photovoltaïque joue un rôle central dans le développement de la production d'électricité renouvelable en Suisse d'ici 2050 [1][3][4][5].  

En 2021, la production annuelle d'électricité photovoltaïque en Suisse s'élevait à 2'842 GWh, couvrant 4,89 % de la consommation nationale d'électricité [2].  

Un objectif de production de 37 TWh d'électricité solaire d'ici 2050 a été défini, ce qui implique une expansion significative de la capacité photovoltaïque [4].",
EXT_FR_02,fr,Quelle importance le photovoltaïque a-t-il pour l'approvisionnement énergétique suisse ?,Z.AI,GLM 4.7 Flash,zai.glm-4.7-flash,SUCCESS,0.7977272727272727,0.5909090909090909,1.0,0.3333333333333333,1.0,1.0,1.0,0.7855106000060914,63,"Le photovoltaïque (PV) occupe une place centrale dans le développement de la production d'électricité renouvelable en Suisse d'ici 2050 [1][3][4].

*   **Production actuelle :** En 2021, la production d'électricité photovoltaïque a couvert plus de 4 % de la consommation nationale [2].
*   **Objectifs futurs :** Le concept actuel vise à atteindre un objectif de production de 37 TWh d'électricité solaire d'ici 2050 [4].",
EXT_FR_02,fr,Quelle importance le photovoltaïque a-t-il pour l'approvisionnement énergétique suisse ?,Mistral AI,Devstral 2 123B,mistral.devstral-2-123b,SUCCESS,0.8483333333333333,0.8333333333333334,1.0,0.3333333333333333,1.0,1.0,1.0,1.936487799997849,53,"Le photovoltaïque joue un rôle central dans le développement de la production d'électricité renouvelable en Suisse d'ici 2050 [1][3][4][5]. En 2021, la production annuelle d'électricité photovoltaïque s'élevait à 2'842 GWh, couvrant ainsi 4,89 % de la consommation nationale [2]. Un objectif de production de 37 TWh d'électricité solaire est visé d'ici 2050 [4].",
EXT_FR_02,fr,Quelle importance le photovoltaïque a-t-il pour l'approvisionnement énergétique suisse ?,Qwen,Qwen3-Coder-30B-A3B-Instruct,qwen.qwen3-coder-30b-a3b-v1:0,SUCCESS,0.8027906976744187,0.6511627906976745,1.0,0.3333333333333333,1.0,1.0,1.0,1.1169806999969296,97,"Le photovoltaïque joue un rôle important dans le développement de la production d’électricité renouvelable en Suisse, notamment d’ici 2050 [1]. En 2021, sa production s’élevait à 2 842 GWh, couvrant environ 4,89 % de la consommation nationale [2]. Selon un concept en cours d’élaboration, il sera essentiel pour atteindre un objectif de 37 TWh de production d’électricité solaire d’ici 2050 [4]. Cependant, le Contrôle fédéral des finances a souligné des risques liés à la réalisation de ces objectifs à long terme et a recommandé un meilleur alignement des mesures incitatives et d’une stratégie d’exploitation des potentiels [1].",
EXT_FR_02,fr,Quelle importance le photovoltaïque a-t-il pour l'approvisionnement énergétique suisse ?,NVIDIA,NVIDIA Nemotron 3 Super 120B A12B,nvidia.nemotron-super-3-120b,SUCCESS,0.8496774193548388,0.8387096774193549,1.0,0.3333333333333333,1.0,1.0,1.0,1.1984627999991062,79,"Le photovoltaïque jouera un rôle central dans le développement de la production d'électricité renouvelable en Suisse d'ici 2050. [1] En 2021, la production photovoltaïque suisse s'élevait à 2'842 GWh, couvrant plus de 4,89 % de la consommation nationale. [2] Pour atteindre les objectifs à long terme, un concept visant à mieux coordonner les mesures incitatives et à exploiter les potentiels a été élaboré, incluant l'analyse de scénarios pour atteindre une production de 37 TWh d'électricité solaire d'ici 2050. [3][4]",
EXT_FR_02,fr,Quelle importance le photovoltaïque a-t-il pour l'approvisionnement énergétique suisse ?,Qwen,Qwen3 32B,qwen.qwen3-32b-v1:0,SUCCESS,0.8230769230769232,0.6923076923076923,1.0,0.3333333333333333,1.0,1.0,1.0,0.6935016999996151,68,"Le photovoltaïque joue un rôle central dans le développement de la production d'électricité renouvelable en Suisse d'ici 2050 [1]. En 2021, la production annuelle d'électricité photovoltaïque couvrait plus de 4 % de la consommation nationale [2]. Un objectif ambitieux vise une production de 37 TWh d'électricité solaire d'ici 2050 [4]. Pour atteindre cet objectif, des mesures incitatives et une stratégie d'exploitation des potentiels sont en cours d'élaboration [1].",
STRESS_01,de,Welche Ziele nennt das BFE für die Stromproduktion aus erneuerbaren Energien bis 2035 und 2050?,Qwen,Qwen3 235B A22B 2507,qwen.qwen3-235b-a22b-2507-v1:0,SUCCESS,0.93375,0.875,1.0,0.8333333333333334,1.0,1.0,1.0,1.9869694000008167,79,"Das BFE nennt folgende Ziele für die Stromproduktion aus erneuerbaren Energien:

- Für die Stromproduktion aus erneuerbaren Energien ohne Wasserkraft sieht der Ständerat Ziele von 35 Terawattstunden bis 2035 und 45 Terawattstunden bis 2050 vor [2].
- Für die Wasserkraft sind Zielwerte von 37,9 Terawattstunden bis 2035 und 39,2 Terawattstunden bis 2050 vorgesehen [2].

Diese Ziele sind im Rahmen des Bundesgesetzes über eine sichere Stromversorgung mit erneuerbaren Energien verankert, das voraussichtlich am 1. Januar 2025 in Kraft tritt [5].",
STRESS_01,de,Welche Ziele nennt das BFE für die Stromproduktion aus erneuerbaren Energien bis 2035 und 2050?,Z.AI,GLM 4.7 Flash,zai.glm-4.7-flash,SUCCESS,0.8916666666666667,0.6666666666666666,1.0,0.8333333333333334,1.0,1.0,1.0,0.9449163000026601,67,"Basierend auf den vorliegenden Quellen nennt das BFE folgende Ziele für die Stromproduktion aus erneuerbaren Energien:

*   **Bis 2035:**
    *   **Wasserkraft:** Mindestens 37'400 GWh (Richtwert nach geltendem Energiegesetz) bzw. 37'900 GWh (verbindlicher Zielwert nach dem neuen Bundesgesetz) [1][3].
    *   **Erneuerbare Energien ohne Wasserkraft:** Mindestens 11'400 GWh (Richtwert) [1][4].

*   **Bis 2050:**
    *   **Wasserkraft:** Mindestens 38'600 GWh [1].
    *   **Erneuerbare Energien ohne Wasserkraft:** Mindestens 24'200 GWh (Richtwert) [1].",
STRESS_01,de,Welche Ziele nennt das BFE für die Stromproduktion aus erneuerbaren Energien bis 2035 und 2050?,Mistral AI,Devstral 2 123B,mistral.devstral-2-123b,SUCCESS,0.8835714285714286,0.7142857142857143,1.0,0.8333333333333334,1.0,1.0,1.0,3.442816499999026,68,"Das Bundesamt für Energie (BFE) nennt folgende Ziele für die Stromproduktion aus erneuerbaren Energien:

- **Bis 2035**:
  - **Erneuerbare Energien (ohne Wasserkraft)**: 35 Terawattstunden (TWh) [1][2]
  - **Wasserkraft**: 37,9 Terawattstunden (TWh) [1][2][3]

- **Bis 2050**:
  - **Erneuerbare Energien (ohne Wasserkraft)**: 45 Terawattstunden (TWh) [1][2]
  - **Wasserkraft**: 39,2 Terawattstunden (TWh) [1][2]

Diese Ziele wurden vom Ständerat im Rahmen des Bundesgesetzes über eine sichere Stromversorgung mit erneuerbaren Energien festgelegt [1][2].",
STRESS_01,de,Welche Ziele nennt das BFE für die Stromproduktion aus erneuerbaren Energien bis 2035 und 2050?,Qwen,Qwen3-Coder-30B-A3B-Instruct,qwen.qwen3-coder-30b-a3b-v1:0,SUCCESS,0.9092105263157896,0.7368421052631579,1.0,0.8333333333333334,1.0,1.0,1.0,0.8872102000023006,61,"Das BFE nennt folgende Ziele für die Stromproduktion aus erneuerbaren Energien (ohne Wasserkraft):

- Bis 2035: 35 Terawattstunden (TWh) [1]
- Bis 2050: 45 Terawattstunden (TWh) [1]

Für die Wasserkraft lautet das Ziel:

- Bis 2035: 37,9 Terawattstunden (TWh) [1]
- Bis 2050: 39,2 Terawattstunden (TWh) [1]

Diese Ziele wurden vom Ständerat in seiner Herbstsession 2022 als verbindliche Richtwerte festgelegt [1].",
STRESS_01,de,Welche Ziele nennt das BFE für die Stromproduktion aus erneuerbaren Energien bis 2035 und 2050?,NVIDIA,NVIDIA Nemotron 3 Super 120B A12B,nvidia.nemotron-super-3-120b,SUCCESS,0.9172727272727274,0.9090909090909091,1.0,0.6666666666666666,1.0,1.0,1.0,1.194111900003918,37,"Das BFE nennt für die Stromproduktion aus erneuerbaren Energien bis 2035 mindestens 35 Terawattstunden (ohne Wasserkraft) und mindestens 37,9 Terawattstunden (Wasserkraft). Bis 2050 sollen mindestens 45 Terawattstunden (ohne Wasserkraft) und mindestens 39,2 Terawattstunden (Wasserkraft) produziert werden. [1][2]",
STRESS_01,de,Welche Ziele nennt das BFE für die Stromproduktion aus erneuerbaren Energien bis 2035 und 2050?,Qwen,Qwen3 32B,qwen.qwen3-32b-v1:0,SUCCESS,0.9195454545454546,0.8181818181818182,1.0,0.8333333333333334,1.0,1.0,1.0,1.5724440999983926,53,"Das BFE nennt für die Stromproduktion aus erneuerbaren Energien (ohne Wasserkraft) folgende Ziele:

- **Bis 2035**: 35 Terawattstunden (11'400 GWh) [1][2]
- **Bis 2050**: 45 Terawattstunden (39'000 GWh) [1][2]

Für die Stromproduktion aus Wasserkraft gelten folgende Zielwerte:

- **Bis 2035**: 37,9 Terawattstunden (37'900 GWh) [1][2][3]
- **Bis 2050**: 39,2 Terawattstunden (39'200 GWh) [1][2]",
STRESS_02,en,"According to SFOE sources, how is the role of hydropower expected to change as solar and wind generation increase?",Qwen,Qwen3 235B A22B 2507,qwen.qwen3-235b-a22b-2507-v1:0,SUCCESS,0.8611475409836066,0.5245901639344263,1.0,1.0,1.0,1.0,1.0,2.3802112999983365,133,"As solar and wind generation increase, the role of hydropower is expected to change in the following ways according to SFOE sources:

- Hydropower remains the largest single contributor to renewable energy in Switzerland but its relative proportion decreases as solar and wind energy grow significantly [2][3].
- Solar and wind energy show strong growth, particularly from 2010 onwards, leading to a shift in the renewable energy mix, with hydropower forming a stable base while newer renewables expand [2][3].
- Projections indicate that globally, wind and solar power generation will increase more strongly than hydropower and are expected to exceed hydropower generation by 2030 [4].

Thus, while hydropower continues to provide a consistent and substantial contribution, its relative role diminishes as solar and wind become larger components of the renewable energy portfolio [2][3][4].",
STRESS_02,en,"According to SFOE sources, how is the role of hydropower expected to change as solar and wind generation increase?",Z.AI,GLM 4.7 Flash,zai.glm-4.7-flash,SUCCESS,0.9019607843137255,0.6078431372549019,1.0,1.0,1.0,1.0,1.0,0.9381546000004164,120,"According to the SFOE sources, the role of hydropower is expected to change in the following ways as solar and wind generation increase:

*   **Relative Proportion:** While hydropower remains the largest contributor, its relative proportion is expected to decrease as newer renewable sources, particularly solar and wind, increase significantly [2][3].
*   **Production Volume:** The International Energy Agency (IEA) projects that energy production from wind and solar will grow more strongly than hydropower, with solar and wind expected to overtake hydropower production by 2030 [4].
*   **Dominance:** The combined contribution of renewable sources (wind, solar, and modern bioenergy) is projected to form the majority of low-emission energy by 2050, shifting the energy mix from fossil fuel dependency to renewable dominance [5].",
STRESS_02,en,"According to SFOE sources, how is the role of hydropower expected to change as solar and wind generation increase?",Mistral AI,Devstral 2 123B,mistral.devstral-2-123b,SUCCESS,0.8402941176470587,0.4411764705882353,1.0,1.0,1.0,1.0,1.0,3.7176991000014823,165,"According to the retrieved SFOE evidence, the role of hydropower is expected to change as solar and wind generation increase in the following ways:

- **Relative Decline in Proportion**: While hydropower remains the largest contributor to Switzerland's renewable energy portfolio, its relative proportion is decreasing as solar and wind energy sources grow significantly [2][3].
- **Stable Base Production**: Hydropower is expected to maintain a stable base production, providing consistent energy output even as newer renewables expand [1][2].
- **Transition to Enabler Role**: Hydropower is projected to serve as an ""enabler"" of the energy transition, supporting the integration of variable renewable sources like solar and wind by providing flexibility and grid stability [5].
- **Global Context**: On a global scale, while hydropower is expected to grow, solar and wind energy production is projected to increase more rapidly, potentially surpassing hydropower by 2030 [4].

These changes reflect a shift in the energy mix where hydropower remains crucial but is increasingly complemented by expanding solar and wind capacity.",
STRESS_02,en,"According to SFOE sources, how is the role of hydropower expected to change as solar and wind generation increase?",Qwen,Qwen3-Coder-30B-A3B-Instruct,qwen.qwen3-coder-30b-a3b-v1:0,SUCCESS,0.8364493996569468,0.5094339622641509,1.0,0.7272727272727273,1.0,1.0,1.0,0.8946017999987816,116,"As solar and wind generation increase, the relative proportion of hydropower in Switzerland's energy mix is expected to decrease, even though hydropower will remain the largest contributor [2]. While hydropower provides a stable base load, newer renewable sources—particularly solar and wind—have shown significant growth, especially after 2010 [3]. According to projections, the contribution of wind and solar energy is expected to grow more rapidly than hydropower, with the potential for solar and wind to surpass hydropower by around 2030 [4].

In summary:
- Hydropower remains the largest renewable energy source.
- Its relative share decreases as solar and wind capacities expand.
- Projections indicate that solar and wind could overtake hydropower by 2030 [4].

Sources: [2][3][4]",
STRESS_02,en,"According to SFOE sources, how is the role of hydropower expected to change as solar and wind generation increase?",NVIDIA,NVIDIA Nemotron 3 Super 120B A12B,nvidia.nemotron-super-3-120b,SUCCESS,0.8225174825174825,0.38461538461538464,1.0,0.9090909090909091,1.0,1.0,1.0,1.0993314000006649,102,"According to SFOE sources, as solar and wind generation increase, hydropower's relative proportion in the renewable energy mix is expected to decrease, even though its absolute generation remains relatively stable. This is shown in historical data where hydropower forms the base layer but its share declines as solar and wind grow significantly after 2010 [2][3][1]. Projections also indicate that wind and solar energy production will grow more strongly than hydropower and exceed it by 2030 [4]. Hydropower is expected to continue growing but at a slower rate compared to solar and wind, shifting its role within the broader renewable energy portfolio [5].",
STRESS_02,en,"According to SFOE sources, how is the role of hydropower expected to change as solar and wind generation increase?",Qwen,Qwen3 32B,qwen.qwen3-32b-v1:0,SUCCESS,0.8186561264822135,0.4782608695652174,1.0,0.7272727272727273,1.0,1.0,1.0,1.1004480000046897,99,"As solar and wind generation increase, the role of hydropower in Switzerland is expected to remain significant but with a decreasing relative proportion. Hydropower continues to form a stable base of renewable energy production, while solar and wind energy show substantial growth, particularly after 2010 [2]. 

According to projections, solar and wind energy production is expected to grow more strongly than hydropower and is projected to surpass hydropower by 2030 [4]. Despite this, hydropower is still anticipated to contribute to the energy mix and support the energy transition, potentially acting as an ""enabler"" by providing flexibility and stability [5].",
STRESS_03,de,Was genau bedeutet die häufig genannte Zahl von rund 58 Prozent für die Schweizer Wasserkraft im Jahr 2020? Bezieht sie sich auf Stromproduktion oder Strombedarf? Erkläre dies anhand der verfügbaren Quellen.,Qwen,Qwen3 235B A22B 2507,qwen.qwen3-235b-a22b-2507-v1:0,SUCCESS,0.7585915492957745,0.39436619718309857,1.0,0.6,1.0,1.0,1.0,4.346085799996217,147,"Die Zahl von rund 58 Prozent bezieht sich je nach Quelle entweder auf die Stromproduktion oder auf den Strombedarf, wobei beide Angaben für das Jahr 2020 korrekt sind, aber unterschiedliche Bezugsgrössen haben.

- In **Quelle 1** wird angegeben, dass Lauf- und Speicherkraftwerke im Jahr 2020 gemäss Schweizerischer Elektrizitätsstatistik 58 Prozent des **Strombedarfs** deckten [1].
- In **Quelle 2** heisst es, dass im Jahr 2020 rund 58 Prozent der **Stromproduktion** in der Schweiz aus Wasserkraft stammten, also aus Laufwasser- oder Pumpspeicherkraftwerken. Als Datenquelle wird hier ebenfalls die Schweizerische Elektrizitätsstatistik 2020 genannt [2].

Obwohl die beiden Quellen leicht unterschiedliche Bezüge (Bedarf vs. Produktion) nennen, liegen die Werte nahe beieinander, was darauf hindeutet, dass die inländische Stromproduktion und der Netto-Strombedarf in der Schweiz im Jahr 2020 etwa auf demselben Niveau lagen. Beide Aussagen stützen sich auf offizielle Statistiken und belegen die zentrale Rolle der Wasserkraft in der Schweizer Stromversorgung [1][2].",
STRESS_03,de,Was genau bedeutet die häufig genannte Zahl von rund 58 Prozent für die Schweizer Wasserkraft im Jahr 2020? Bezieht sie sich auf Stromproduktion oder Strombedarf? Erkläre dies anhand der verfügbaren Quellen.,Z.AI,GLM 4.7 Flash,zai.glm-4.7-flash,SUCCESS,0.8330769230769232,0.6923076923076923,1.0,0.4,1.0,1.0,1.0,0.4731272000062745,28,"Die Zahl von rund 58 Prozent bezieht sich auf die **Stromproduktion**.

Gemäss den vorliegenden Quellen deckten Lauf- und Speicherkraftwerke im Jahr 2020 58 Prozent der **Stromproduktion** ab [1][2].",
STRESS_03,de,Was genau bedeutet die häufig genannte Zahl von rund 58 Prozent für die Schweizer Wasserkraft im Jahr 2020? Bezieht sie sich auf Stromproduktion oder Strombedarf? Erkläre dies anhand der verfügbaren Quellen.,Mistral AI,Devstral 2 123B,mistral.devstral-2-123b,SUCCESS,0.7625000000000001,0.4,1.0,0.55,1.0,1.0,1.0,3.2817406999965897,115,"Die Zahl von rund 58 Prozent für die Schweizer Wasserkraft im Jahr 2020 bezieht sich auf den Anteil der Wasserkraft an der **Stromproduktion** in der Schweiz.

- Laut der Schweizerischen Elektrizitätsstatistik 2020 stammten etwa 58 % der gesamten Stromproduktion aus Wasserkraft, also aus Laufwasser- oder Pumpspeicherkraftwerken [2].
- Gleichzeitig wird in einer anderen Quelle erwähnt, dass Lauf- und Speicherkraftwerke im Jahr 2020 58 Prozent des **Strombedarfs** deckten [1].

Es gibt also zwei unterschiedliche Aussagen in den Quellen:
1. **58 % der Stromproduktion** (Quelle [2])
2. **58 % des Strombedarfs** (Quelle [1])

Beide Aussagen sind korrekt, beziehen sich jedoch auf unterschiedliche Größen. Die genaue Bedeutung hängt davon ab, welche Definition in der jeweiligen Diskussion verwendet wird.",
STRESS_03,de,Was genau bedeutet die häufig genannte Zahl von rund 58 Prozent für die Schweizer Wasserkraft im Jahr 2020? Bezieht sie sich auf Stromproduktion oder Strombedarf? Erkläre dies anhand der verfügbaren Quellen.,Qwen,Qwen3-Coder-30B-A3B-Instruct,qwen.qwen3-coder-30b-a3b-v1:0,SUCCESS,0.7786363636363637,0.45454545454545453,1.0,0.5,1.0,1.0,1.0,1.3049711999992724,102,"Die Zahl von rund 58 Prozent für die Schweizer Wasserkraft im Jahr 2020 bezieht sich auf die **Stromproduktion** und nicht auf den Strombedarf. Laut der Schweizerischen Elektrizitätsstatistik aus dem Jahr 2020 deckten Lauf- und Speicherkraftwerke 58 Prozent der **Stromproduktion** ab [1]. 

Zudem bestätigt eine Grafik in derselben Quelle, dass etwa 58 % der Stromproduktion in der Schweiz aus Wasserkraft stammen, wobei hierbei sowohl Laufwasser- als auch Pumpspeicherkraftwerke berücksichtigt werden [2].

Es ist daher wichtig zu unterscheiden zwischen Stromproduktion und Strombedarf: Die 58 Prozent zeigen den Anteil der Wasserkraft an der insgesamt produzierten elektrischen Energie in der Schweiz im Jahr 2020 an. [1][2]",
STRESS_03,de,Was genau bedeutet die häufig genannte Zahl von rund 58 Prozent für die Schweizer Wasserkraft im Jahr 2020? Bezieht sie sich auf Stromproduktion oder Strombedarf? Erkläre dies anhand der verfügbaren Quellen.,NVIDIA,NVIDIA Nemotron 3 Super 120B A12B,nvidia.nemotron-super-3-120b,SUCCESS,0.8175,0.64,1.0,0.45,1.0,1.0,1.0,1.1682966000007582,58,"Die Zahl von rund 58 Prozent bezieht sich im Jahr 2020 sowohl auf die Stromproduktion als auch auf den Strombedarf in der Schweiz. Laut der Schweizerischen Elektrizitätsstatistik deckten Lauf- und Speicherkraftwerke im Jahr 2020 58 Prozent des Strombedarfs. Gleichzeitig wird in einer Grafik zur Schweizerischen Elektrizitätsstatistik 2020 angegeben, dass rund 58 Prozent der Stromproduktion aus Wasserkraft stammen. [1][2]",
STRESS_03,de,Was genau bedeutet die häufig genannte Zahl von rund 58 Prozent für die Schweizer Wasserkraft im Jahr 2020? Bezieht sie sich auf Stromproduktion oder Strombedarf? Erkläre dies anhand der verfügbaren Quellen.,Qwen,Qwen3 32B,qwen.qwen3-32b-v1:0,SUCCESS,0.7683333333333334,0.3333333333333333,1.0,0.7,1.0,1.0,1.0,2.17506599999615,126,"Die Zahl von rund 58 Prozent, die häufig im Zusammenhang mit der Schweizer Wasserkraft im Jahr 2020 genannt wird, bezieht sich laut den verfügbaren Quellen auf den **Strombedarf**. 

Im Jahr 2020 deckten Lauf- und Speicherkraftwerke gemäß der Schweizerischen Elektrizitätsstatistik **58 Prozent des Strombedarfs** in der Schweiz [1]. Zudem wird in einer weiteren Passage bestätigt, dass **rund 58 Prozent der Stromproduktion** im Jahr 2020 aus Wasserkraft stammten [2]. 

Das bedeutet also:  
- **58 Prozent des Strombedarfs** wurden durch Wasserkraft gedeckt.  
- **58 Prozent der Stromproduktion** kamen aus Wasserkraftanlagen.  

Diese beiden Aussagen sind inhaltlich unterschiedlich, da der Strombedarf die Gesamtnachfrage nach Elektrizität umfasst, während die Stromproduktion die tatsächlich erzeugte Menge beschreibt. In diesem Fall deckt die Wasserkraft sowohl einen grossen Teil der Stromproduktion als auch des Strombedarfs ab.",
STRESS_04,en,What was the exact electricity production of every individual hydropower plant in Switzerland in 2024?,Qwen,Qwen3 235B A22B 2507,qwen.qwen3-235b-a22b-2507-v1:0,SUCCESS,0.8281720430107528,0.41935483870967744,1.0,0.8888888888888888,1.0,1.0,1.0,1.445217100001173,53,"The retrieved SFOE sources do not provide the exact electricity production of every individual hydropower plant in Switzerland in 2024. The available data only present aggregated production figures for broad categories such as ""Speicherkraftwerke"" (storage hydroelectric) and ""Laufkraftwerke"" (run-of-river hydroelectric) at the national level [1][2]. Information on individual plants is not included [1][2][3][4][5].",
STRESS_04,en,What was the exact electricity production of every individual hydropower plant in Switzerland in 2024?,Z.AI,GLM 4.7 Flash,zai.glm-4.7-flash,SUCCESS,0.7916666666666666,0.5333333333333333,0.5,0.8888888888888888,1.0,1.0,1.0,0.542053199998918,48,"The retrieved SFOE evidence does not provide the exact electricity production for every individual hydropower plant in Switzerland in 2024. The available data only provides aggregate statistics, such as the total production of hydraulic power stations (274,453 TJ) and the percentage breakdown of hydroelectric categories (Speicherkraftwerke, Laufkraftwerke) [1][2][5].",
STRESS_04,en,What was the exact electricity production of every individual hydropower plant in Switzerland in 2024?,Mistral AI,Devstral 2 123B,mistral.devstral-2-123b,SUCCESS,0.6344444444444444,0.4444444444444444,1.0,0.8888888888888888,0.0,1.0,1.0,1.4308045999932801,44,"The retrieved SFOE sources do not provide the exact electricity production of every individual hydropower plant in Switzerland in 2024. The available data only includes aggregated statistics for hydropower categories (e.g., storage/pumped-storage and run-of-river hydroelectric) and does not list production figures for individual plants.",
STRESS_04,en,What was the exact electricity production of every individual hydropower plant in Switzerland in 2024?,Qwen,Qwen3-Coder-30B-A3B-Instruct,qwen.qwen3-coder-30b-a3b-v1:0,SUCCESS,0.8523809523809524,0.47619047619047616,1.0,0.8888888888888888,1.0,1.0,1.0,0.6177771000002394,95,"The retrieved SFOE evidence does not provide the exact electricity production of every individual hydropower plant in Switzerland for 2024.

The sources offer information on the overall electricity production distribution in 2024, including the percentage contributions of different power plant categories such as Speicherkraftwerke (storage/pumped-storage hydroelectric) at 35.7% [1], and Laufkraftwerke (run-of-river hydroelectric) at 23.9% [2]. However, they do not list the production figures for each individual hydropower plant.

Therefore, it is not possible to determine the exact electricity production of every individual hydropower plant in Switzerland in 2024 based solely on the provided evidence.
",
STRESS_04,en,What was the exact electricity production of every individual hydropower plant in Switzerland in 2024?,NVIDIA,NVIDIA Nemotron 3 Super 120B A12B,nvidia.nemotron-super-3-120b,SUCCESS,0.6270833333333333,0.375,1.0,0.8888888888888888,0.0,1.0,1.0,0.9773663000014494,75,"The retrieved SFOE sources do not provide the exact electricity production of every individual hydropower plant in Switzerland in 2024. The available evidence only includes aggregated data for hydropower categories (e.g., storage/pumped-storage and run-of-river hydroelectric) as percentages of total production, or total production figures in terajoules or gigawatt-hours for broader categories or national totals. No source contains plant-level production data for 2024. Therefore, it is not possible to answer the question with the given evidence.",
STRESS_04,en,What was the exact electricity production of every individual hydropower plant in Switzerland in 2024?,Qwen,Qwen3 32B,qwen.qwen3-32b-v1:0,SUCCESS,0.6202898550724638,0.34782608695652173,1.0,0.8888888888888888,0.0,1.0,1.0,0.4788935000033234,41,"The retrieved SFOE sources do not provide enough information to answer this question exactly. While the sources describe the overall distribution of electricity production in Switzerland for 2024, they do not list the exact electricity production of every individual hydropower plant.",
